player,team,shots,goals,xg_loc,xg_def,sb_xg,context,cone,margin_loc,margin_def,swing
Adriana Leal da Silva,Orlando Pride,61,6,3.7664579490265915,3.678760595733456,4.23625,-0.0876973532931356,0.7540983606557377,2.2335420509734085,2.321239404266544,0.08769735329313555
Alexandra Morgan Carrasco,San Diego Wave,59,5,4.92084785862051,6.402954708169474,6.46085,1.482106849548964,0.7627118644067796,0.07915214137949,-1.4029547081694744,-1.4821068495489644
Ally Watt,Orlando Pride,26,1,2.21829788447877,2.4182837223855493,2.98436,0.1999858379067803,0.5384615384615384,-1.21829788447877,-1.4182837223855493,-0.19998583790677937
Alyssa Paola Thompson,Angel City,27,4,2.1981059924945474,1.956103007989986,1.96407,-0.24200298450456031,0.8518518518518519,1.8018940075054526,2.043896992010014,0.24200298450456126
Ariadina Alves Borges,Racing Louisville FC,32,1,2.6592760086463265,1.954128216916305,2.4683,-0.7051477917300206,1.4375,-1.6592760086463265,-0.954128216916305,0.7051477917300215
Ashley Hatch,Washington Spirit,54,4,6.998038875600233,7.334689089641543,7.25002,0.33665021404131024,0.6296296296296297,-2.9980388756002334,-3.334689089641543,-0.3366502140413097
Ashley Nicole Sanchez,Washington Spirit,44,5,3.00567308265189,2.72647330670849,3.14312,-0.2791997759433995,1.1590909090909092,1.99432691734811,2.27352669329151,0.27919977594339995
Bethany Balcer,Seattle Reign,36,6,3.794232388204205,3.8637834378993907,4.54411,0.06955104969518591,0.7222222222222222,2.205767611795795,2.1362165621006093,-0.06955104969518588
Bianca St Georges,Chicago Red Stars,34,4,3.500151953802581,4.009032610405433,3.92865,0.5088806566028519,0.5,0.49984804619741885,-0.009032610405433239,-0.5088806566028521
Cecelia Kizer,KC Current,30,6,3.83051572318589,5.521737803503917,5.97685,1.691222080318026,0.36666666666666664,2.16948427681411,0.47826219649608337,-1.6912220803180267
Christine Margaret Sinclair,Portland Thorns,26,3,2.410284027982583,1.9702394924357671,2.37716,-0.4400445355468155,1.2692307692307692,0.5897159720174172,1.0297605075642329,0.44004453554681566
Claire Emslie,Angel City,33,2,2.509324322498958,2.6727270913294943,2.22226,0.16340276883053695,0.7575757575757576,-0.5093243224989581,-0.6727270913294943,-0.16340276883053617
Crystal Alyssia Dunn Soubrier,Portland Thorns,34,5,3.513199648922181,3.0715429686361624,4.47359,-0.4416566802860183,0.8235294117647058,1.486800351077819,1.9284570313638376,0.4416566802860187
Diana Ordoñez,Houston Dash,32,2,3.3647597275353545,3.5544839614170503,2.99582,0.18972423388169601,0.4375,-1.3647597275353545,-1.5544839614170503,-0.1897242338816958
Débora Cristiane de Oliveira,KC Current,37,7,3.4567655579913232,3.424385366549302,4.95088,-0.032380191442021485,0.9459459459459459,3.5432344420086768,3.575614633450698,0.0323801914420212
Ebony Salmon,Houston Dash,40,1,2.9908887433034037,3.7474324661881644,3.6947900000000002,0.7565437228847604,0.3,-1.9908887433034037,-2.7474324661881644,-0.7565437228847607
Elyse Bennett,Seattle Reign,25,2,2.3341149422069534,3.1887691693664615,2.59261,0.854654227159508,0.44,-0.33411494220695337,-1.1887691693664615,-0.8546542271595081
Hina Sugita,Portland Thorns,26,5,3.6184208936685143,3.8094110485289985,4.5643,0.19099015486048437,0.6923076923076923,1.3815791063314857,1.1905889514710015,-0.1909901548604842
Jaedyn Reese Shaw,San Diego Wave,45,6,3.850263705867498,4.217255714786177,5.17219,0.36699200891867895,0.9111111111111111,2.149736294132502,1.7827442852138233,-0.36699200891867845
Jenna Nighswonger,NJ/NY Gotham FC,38,2,2.340754936452915,2.0132078875034303,2.5693200000000003,-0.32754704894948417,1.1842105263157894,-0.3407549364529152,-0.013207887503430271,0.32754704894948494
Jessica Fishlock,Seattle Reign,43,4,2.768682113599816,2.954933740625835,3.22418,0.18625162702601988,0.9069767441860465,1.2313178864001841,1.045066259374165,-0.18625162702601905
Joelle Anderson,Houston Dash,26,1,1.9536383710914726,1.8201637377648145,2.52402,-0.1334746333266576,1.2307692307692308,-0.9536383710914726,-0.8201637377648145,0.1334746333266581
Jordyn Pamela Huitema,Seattle Reign,38,5,3.7649567373312403,4.098510475752304,4.3264000000000005,0.3335537384210645,0.7894736842105263,1.2350432626687597,0.9014895242476957,-0.33355373842106406
Kerolin Nicoli Israel Ferraz,North Carolina Courage,58,8,4.746081809671161,4.171308587702455,5.12308,-0.5747732219687035,1.0172413793103448,3.2539181903288394,3.8286914122975446,0.5747732219687052
Kerry Abello,Orlando Pride,28,1,1.7133512297177764,1.4574002260887988,1.78882,-0.2559510036289767,0.5,-0.7133512297177764,-0.4574002260887988,0.2559510036289776
Kirsten Davis,Racing Louisville FC,38,4,3.6257643954189223,4.184617783578563,4.67224,0.5588533881596408,0.42105263157894735,0.37423560458107774,-0.18461778357856318,-0.5588533881596409
Lynn Williams Biyendolo,NJ/NY Gotham FC,86,7,6.89002548185467,7.342551947954762,7.98824,0.4525264661000934,0.6627906976744186,0.10997451814533044,-0.34255194795476207,-0.4525264661000925
Makenzy Doniak,San Diego Wave,33,3,2.4165319484695007,2.4028694191580158,2.45072,-0.013662529311484007,0.45454545454545453,0.5834680515304993,0.5971305808419842,0.013662529311484928
Margaret Purce,NJ/NY Gotham FC,33,2,3.067219775291515,3.0642288156355875,3.39016,-0.0029909596559268906,0.6666666666666666,-1.0672197752915151,-1.0642288156355875,0.0029909596559276608
Maria Guadalupe Sanchez Morales,Houston Dash,32,4,2.1970905270424765,2.0103143380210073,2.63864,-0.1867761890214685,0.75,1.8029094729575235,1.9896856619789927,0.1867761890214692
Marta Vieira da Silva Veiga,Orlando Pride,29,0,2.318913326235003,2.0880786782800196,2.35871,-0.2308346479549821,1.0,-2.318913326235003,-2.0880786782800196,0.2308346479549832
Mary Alice Vignola,Angel City,26,3,1.794756944866483,1.4516943493829724,1.38161,-0.3430625954835102,0.7692307692307693,1.205243055133517,1.5483056506170276,0.3430625954835107
Megan Anna Rapinoe,Seattle Reign,42,3,1.974979649818347,2.0081096316622755,2.23039,0.03312998184392871,0.9047619047619048,1.025020350181653,0.9918903683377245,-0.03312998184392857
Messiah Bright,Orlando Pride,43,6,4.035516904283298,4.270067813767438,4.79844,0.23455090948414115,0.627906976744186,1.9644830957167017,1.7299321862325616,-0.23455090948414004
Michelle Alozie,Houston Dash,32,4,2.7121581864164557,4.017536028791862,3.16017,1.3053778423754068,0.46875,1.2878418135835443,-0.017536028791862,-1.3053778423754063
Michelle Ivory Cooper,KC Current,35,1,3.280768644178945,3.669783510580223,4.0591,0.3890148664012784,0.37142857142857144,-2.280768644178945,-2.669783510580223,-0.3890148664012778
Morgan Weaver,Portland Thorns,75,7,6.016306953419845,7.033336901076771,7.56044,1.0170299476569267,0.6,0.9836930465801554,-0.033336901076770786,-1.0170299476569262
Olivia Moultrie,Portland Thorns,40,2,2.622783975310983,2.597268883221931,3.0961,-0.025515092089050992,1.0,-0.6227839753109832,-0.5972688832219308,0.025515092089052338
Penelope Hocking,Chicago Red Stars,34,3,2.6212745328476807,2.6145865923816207,3.2388,-0.006687940466059104,0.9411764705882353,0.37872546715231925,0.3854134076183793,0.006687940466060027
Savannah Marie DeMelo,Racing Louisville FC,50,3,3.590038566386934,3.6765020770085095,4.03213,0.0864635106215764,1.52,-0.5900385663869341,-0.6765020770085095,-0.08646351062157542
Savannah McCaskill,Angel City,41,4,3.1744514265075847,3.0046189307288453,3.30577,-0.1698324957787379,0.7804878048780488,0.8255485734924153,0.9953810692711547,0.16983249577873938
Scarlett Nefer Camberos Becerra,Angel City,27,1,3.2983625095283244,2.848214998562117,2.5912100000000002,-0.4501475109662066,0.5925925925925926,-2.2983625095283244,-1.848214998562117,0.4501475109662074
Shuang Wang,Racing Louisville FC,26,0,1.3811417102128427,1.2665371616084269,1.22015,-0.11460454860441541,1.2307692307692308,-1.3811417102128427,-1.2665371616084269,0.11460454860441582
Sophia Olivia Wilson,Portland Thorns,75,10,5.973822948616279,6.146015497334069,7.86534,0.17219254871779216,0.49333333333333335,4.026177051383721,3.8539845026659307,-0.17219254871779022
Thembi Kgatlana,Racing Louisville FC,30,2,1.895892773379456,2.039350503516636,2.55994,0.1434577301371805,0.4666666666666667,0.10410722662054406,-0.03935050351663616,-0.14345773013718022
Trinity Rain Moyer-Rodman,Washington Spirit,61,5,5.224025585828753,5.1347106541218,5.9919,-0.08931493170695123,0.5245901639344263,-0.22402558582875276,-0.1347106541218004,0.08931493170695237
Tyler Lussi,North Carolina Courage,40,6,4.3763261917163865,4.888069817788599,5.7727699999999995,0.5117436260722129,0.65,1.6236738082836135,1.1119301822114007,-0.5117436260722128
Yazmeen Ryan,NJ/NY Gotham FC,45,2,2.7449825249765705,2.4580493205424454,3.03995,-0.2869332044341242,0.8444444444444444,-0.7449825249765705,-0.4580493205424454,0.28693320443412507
