player,team,team_games,minutes,position,np_shots,np_goals,npxg,np_xplace,xassists
Lilly Reale,NJY,23,1532,FB,4,0,0.1669,-0.0002,1.7283
Kate Del Fava,UTA,22,2248,CB,20,2,2.1204,-0.0854,0.2714
Paige Cronin,UTA,22,726,W,14,2,1.1171,0.7036,1.5468
Joelle Anderson,BAY,21,1422,CB,9,1,0.5548,0.5051,0.0973
Angharad James-Turner,SEA,21,896,DM,8,1,0.2656,0.2664,0.1686
Ally Brazier,DEN,21,763,W,21,1,2.8292,-1.6791,0.3429
Paige Nielsen,HOU,22,1654,CB,2,0,0.0514,-0.0514,0.1607
Janine Sonis,DEN,21,1947,FB,24,6,1.3524,1.7965,2.7623
Maycee Bell,NC,22,1609,CB,14,0,1.269,-0.5013,0.5115
Kristen McNabb,SD,22,2254,CB,8,0,0.62,-0.0782,0.9239
Jess Carter,NJY,23,2128,CB,0,0,0,0,0.1784
Sofia Cantore,WAS,22,1505,ST,37,5,4.2002,0.1328,1.1468
Sam Hiatt,POR,22,1915,CB,7,0,0.5583,0.2378,0.67
Allysha Chapman,HOU,22,742,FB,1,0,0.02,-0.02,0.0208
Sydney Collins,BAY,21,2034,FB,5,0,0.9108,-0.7382,0.7184
Racheal Kundananji,BAY,21,882,W,23,2,3.0481,-0.5417,0.9973
Phoebe McClernon,SEA,21,2081,CB,7,0,0.3558,-0.2359,0.5441
Manaka Matsukubo,NC,22,892,CM,39,5,3.6825,0.4208,1.9217
Aaliyah Farmer,CHI,22,1482,CB,8,0,0.6909,-0.2373,0.2416
Mirann Gacioch,LOU,22,1065,CB,3,1,0.3827,0.1426,0.2393
Moriya Miyabi,UTA,22,1053,FB,9,1,0.5194,-0.2726,0.8515
Sam Kerr,NJY,23,728,ST,29,3,5.2208,-0.4569,1.3641
Danielle Colaprico,HOU,22,1809,CM,10,0,0.3208,0.0884,2.5054
Debinha,KC,23,1218,AM,33,4,5.62,-0.7135,2.7733
Marie-Yasmine Alidou,POR,22,741,W,7,0,0.6557,-0.4542,0.3093
Ludmila,SD,22,1656,ST,50,2,6.6877,-2.5578,0.8396
Aissata Traore,BOS,22,1620,ST,51,6,8.4478,-0.7052,1.5293
Taylor Flint,LOU,22,1868,DM,29,2,2.1408,0.2947,0.5018
Jordyn Huitema,CHI,22,1059,ST,14,4,3.5375,0.3771,0.7691
Lo'eau LaBonta,KC,23,2025,DM,12,1,0.7166,-0.4207,2.4878
Mackenzie Arnold,POR,22,1906,GK,0,0,0,0,0.0712
Arin Wright,LOU,22,1652,CB,6,1,1.0021,-0.3251,0.7702
Taylor Huff,BAY,21,1186,W,20,1,1.2937,0.1113,1.9362
Jaedyn Shaw,NJY,23,1941,W,49,6,4.6781,-0.1309,3.2423
Haley McCutcheon,ORL,22,2155,DM,32,3,4.0218,0.4173,1.3856
Maddie Mercado,SEA,21,1888,ST,55,7,7.4946,-0.7805,1.8697
Makenna Morris,LOU,22,934,FB,12,1,0.9755,-0.1488,1.1531
Amanda Santos,BOS,22,1194,ST,35,2,3.6456,-2.1725,1.1848
Cristiana Girelli,BAY,21,962,ST,18,1,1.5652,-0.7117,0.6799
Caroline Conti,BAY,21,775,W,14,1,0.6063,0.0219,0.3513
Sarah Schupansky,NJY,23,672,AM,6,0,0.3355,-0.3355,1.1759
Carolyn Calzada,POR,22,854,CB,1,0,0.0252,-0.0252,0.5362
Quincy McMahon,LOU,22,1280,FB,10,0,0.9594,-0.1934,0.8716
Kiana Palacios,UTA,22,1502,ST,27,3,4.4155,-0.3428,1.5896
Brianna Pinto,CHI,22,1359,ST,12,0,0.999,-0.8331,0.7583
Julie Doyle,ORL,22,854,W,12,1,1.2095,-0.5149,0.4825
Summer Yates,ORL,22,816,W,8,0,0.8928,-0.5552,1.0199
Tessa Dellarose,CHI,22,1131,FB,3,1,0.479,0.1347,0.1446
Cate Hardin,HOU,22,676,DM,4,0,0.1686,0.0995,0.096
Marta,ORL,22,664,ST,13,1,1.453,-0.927,0.8186
Nealy Martin,LA,21,1061,DM,5,0,0.1599,-0.1381,0.296
Olivia Moultrie,POR,22,1460,AM,36,4,4.3138,-0.5402,2.4515
Madison Curry,SEA,21,1400,FB,8,0,0.342,-0.2611,0.4949
Malia Berkely,HOU,22,1111,CB,5,0,0.1376,-0.1376,0.0298
Katharine Scott,KC,23,780,FB,2,0,0.08,0.0109,0.0294
Linda Ullmark,HOU,22,1845,W,29,3,3.3815,-0.3259,1.6944
Claudia Martínez,WAS,22,712,W,24,3,4.3726,-1.0288,0
Jordyn Bugg,SEA,21,1218,CB,9,1,0.5186,-0.0725,0.1955
Gia Corley,SD,22,1191,CM,25,0,2.566,-0.9947,3.2417
Kailen Sheridan,NC,22,2297,GK,0,0,0,0,0.4479
Jessie Fleming,POR,22,2203,DM,12,1,0.5274,-0.0139,2.3096
Cori Dyke,ORL,22,2246,FB,5,1,0.1576,-0.0639,0.6967
Esme Morgan,WAS,22,1876,CB,5,0,0.0941,-0.0941,0.9394
Sophia Wilson,POR,22,1934,ST,88,8,8.3744,-0.7604,3.4671
Natasha Flint,DEN,21,1498,AM,42,5,3.0138,0.7535,1.1671
Abby Smith,DEN,21,1929,GK,0,0,0,0,0.078
Carly Wickenheiser,NC,22,846,CM,4,0,0.3178,-0.3178,0.3281
Mal Swanson,CHI,22,674,W,12,2,1.0833,0.4082,0.9814
Bianca St. Georges,BOS,22,1610,FB,16,2,1.2939,-0.4006,2.0146
Evelyn Ijeh,NC,22,1654,ST,44,11,9.8944,-0.4071,1.6279
Yuna McCormack,DEN,21,753,W,7,0,1.2297,-1.0336,1.0012
Sveindís Jane Jónsdóttir,LA,21,1287,ST,33,7,5.1378,0.038,2.4384
Ann-Katrin Berger,NJY,23,2055,GK,1,0,0.0097,0.0261,0.166
Pietra Tordin,POR,22,1860,W,45,7,5.0872,0.1877,5.2938
Hannah Bebar,BAY,21,2076,DM,23,1,0.7299,-0.5186,1.8851
Mandy McGlynn,UTA,22,1658,GK,0,0,0,0,0.1326
Alyssa Naeher,CHI,22,733,GK,0,0,0,0,0
Madeline Moreau,BAY,21,1399,FB,2,0,0.0932,-0.0932,0.4016
Isabella Obaze,POR,22,917,CB,6,0,0.3538,0.3872,0.0188
Annie Karich,BOS,22,2240,DM,16,0,0.4168,-0.1551,0.6511
Isabel Rodriguez,KC,23,2272,FB,15,0,0.8369,-0.2332,3.4458
Barbra Banda,ORL,22,1522,ST,70,13,9.4476,0.376,2.5332
Uno Shiragaki,NC,22,1468,CB,6,0,0.5242,0.0837,0.1897
Brooklyn Courtnall,SD,22,886,CB,4,0,0.2948,-0.2948,0.0302
Laurina Fazer,SD,22,1302,DM,8,0,0.3856,-0.3856,0.7365
Nádia Gomes,CHI,22,1567,W,17,2,1.5215,0.0019,0.8516
Maggie Graham,HOU,22,2149,CM,14,2,1.6534,0.3718,1.4216
Savannah McCaskill,NJY,23,2004,DM,16,0,0.8356,-0.6914,1.44
Bárbara Olivieri,BOS,22,1466,W,20,1,0.881,-0.44,1.4664
Kate Faasse,HOU,22,1197,ST,19,4,3.9395,-0.125,1.0149
Katie O'Kane,LOU,22,2015,DM,33,2,2.4729,-1.6905,2.7838
Emily Sams,LA,21,2123,CB,12,1,1.0628,-0.0022,1.1932
Sarah Gorden,LA,21,1970,CB,2,0,0.1805,-0.1805,0.2012
Nichelle Prince,BOS,22,1925,W,13,2,1.8684,-0.5845,2.9152
Emma Sears,LOU,22,1811,W,46,7,5.1822,-0.0851,2.9242
Reilyn Turner,POR,22,804,W,23,5,2.4304,0.1886,0.2434
Emma Regan,DEN,21,669,DM,1,0,0.0142,-0.0035,0.0245
Gisele Thompson,LA,21,2143,FB,19,4,1.4508,1.2199,2.1745
Lauren Milliet,LOU,22,2138,FB,23,3,3.1666,-0.4361,3.032
Jorelyn Carabali,BOS,22,1853,CB,8,0,0.4082,-0.2777,0.7158
Dudinha,SD,22,1247,W,36,5,3.9636,-1.6561,2.7912
Melanie Barcenas,SD,22,1109,W,42,5,3.9367,1.2998,0.9442
Sally Menti,SEA,21,1132,AM,15,2,1.6566,-0.532,1.9611
Lia Eugenia Godfrey,SD,22,1457,AM,28,5,4.4004,1.1033,2.6291
Emerson Elgin,BOS,22,1566,CB,3,0,0.2528,-0.2409,0.5523
Kathrin Hendrich,CHI,22,899,CB,3,0,0.1548,0.0642,0.0363
Natalie Means,DEN,21,744,W,10,1,0.7137,-0.2448,0.4277
Trinity Rodman,WAS,22,2093,W,80,10,9.301,-2.4782,3.5511
Katie Atkinson,CHI,22,1440,GK,0,0,0,0,0
Bayley Feist,KC,23,1061,DM,9,0,0.8115,-0.5541,0.9043
Mary Vignola,POR,22,1774,FB,7,1,0.7662,0.2235,0.5322
Mina Tanaka,UTA,22,1723,AM,44,5,4.2695,0.2043,3.1317
Jameese Joseph,CHI,22,1464,W,24,1,1.6086,0.4297,0.936
Aldana Cometti,BAY,21,1451,CB,4,0,0.1432,-0.1432,0.2092
Mia Fishel,SEA,21,1193,ST,27,2,4.4478,-1.3124,1.2164
Courtney Petersen,LOU,22,1307,CB,5,0,0.1832,-0.0812,1.622
Jane Campbell,HOU,22,2147,GK,0,0,0,0,0
Paige Metayer,WAS,22,865,W,9,1,2.1182,-0.5824,1.1332
Kaleigh Kurtz,DEN,21,2117,CB,3,0,0.252,-0.252,0.3656
Emily Mason,SEA,21,1020,CB,5,0,0.3209,-0.3049,0
Ryan Williams,NC,22,2297,FB,9,0,0.4491,-0.4161,3.8301
Jordyn Bloomer,LOU,22,2057,GK,0,0,0,0,0
Tatumn Milazzo,UTA,22,1238,CB,9,4,1.4861,0.9776,0.2194
Narumi Miura,UTA,22,1561,DM,16,3,1.0202,0.0086,0.6597
Ana Tejada,UTA,22,1752,DM,31,0,1.4219,0.1197,1.0808
Karlie Lema,BAY,21,1413,ST,41,5,5.8786,-2.0304,0.5199
Marie Muller,POR,22,1357,FB,15,1,1.0008,-0.7629,0.8443
Jenna Bike,CHI,22,1049,FB,8,0,0.4563,-0.1214,0.9535
Gabrielle Carle,WAS,22,1441,FB,5,0,0.3613,-0.3271,0.5638
Ainsley Mccammon,SEA,21,1574,DM,22,0,1.2122,-0.6339,1.6133
Lucia Di Guglielmo,WAS,22,1037,FB,5,0,0.2834,-0.2697,0.0474
Michelle Alozie,CHI,22,907,FB,9,0,0.7237,-0.124,0.4973
Kennedy Wesley,SD,22,2254,CB,8,1,0.5839,0.7916,0.2451
Sandy MacIver,WAS,22,2255,GK,0,0,0,0,0.0897
Avery Patterson,HOU,22,2065,FB,25,0,1.2682,-1.1517,2.1638
Evelyn Shores,LA,21,1730,FB,18,1,1.3572,-0.2691,1.6242
Josefine Hasbo,BOS,22,1008,CM,10,0,0.8208,-0.2278,0.3815
Guro Reiten,NJY,23,1619,FB,9,0,0.5111,-0.4414,2.4068
Érica Parkinson,NC,22,799,AM,15,0,1.0025,-0.461,0.8084
Ella Hase,LOU,22,1161,W,12,0,0.9571,-0.7123,1.0799
Kate Wiesner,WAS,22,1303,FB,7,0,0.2944,-0.2737,1.3032
Samantha Smith,BOS,22,1410,FB,34,5,3.4418,2.0381,1.298
Claire Hutton,BAY,21,2139,DM,24,0,1.9535,-0.4052,1.3578
Midge Purce,NJY,23,1551,FB,13,3,0.989,0.7622,1.6944
Leicy Santos,WAS,22,1664,AM,35,5,3.1733,0.4856,3.8454
Kayla Sharples,KC,23,1817,CB,9,0,1.2914,-0.5009,0.2417
Gabi Portilho,SD,22,814,W,16,0,1.5709,-0.4117,0.53
Hailie Mace,ORL,22,1696,FB,9,0,0.4689,-0.373,0.516
Tierna Davidson,NJY,23,1866,CB,8,2,0.7767,0.4853,0.508
Sarah Weber,LOU,22,1085,ST,22,3,2.6239,0.422,0.6173
Ally Sentnor,KC,23,2079,ST,64,4,5.6834,-2.1127,2.2952
Kiki Van Zanten,HOU,22,1213,ST,29,4,2.8612,1.8617,2.1751
Ayooluwa Oke,DEN,21,1451,FB,8,0,0.7793,-0.4455,1.687
Croix Bethune,KC,23,2015,AM,47,4,6.5121,0.2013,6.4953
Hannah Anderson,ORL,22,864,CB,3,2,0.3731,0.7987,0.4646
Jordynn Dudley,NJY,23,1722,W,46,3,5.7031,1.1758,3.9754
Trinity Byars,SD,22,872,ST,29,10,6.3835,0.6771,1.1162
Delanie Sheehan,DEN,21,1767,DM,17,1,1.8276,-0.5236,1.3927
Katherine Rader,HOU,22,2084,W,41,7,4.1172,2.185,3.0677
Felicitas Rauch,NC,22,1009,FB,8,0,0.5996,-0.4578,2.829
Melissa Kossler,DEN,21,1483,ST,37,6,5.2584,-0.3143,2.0855
Angelina Anderson,LA,21,2156,GK,0,0,0,0,0
Riley Jackson,NC,22,1928,CM,26,0,1.6962,-0.5233,4.0166
Samantha Meza,SEA,21,1615,DM,5,0,0.2712,-0.2712,0.3759
Riley Tiernan,LA,21,1081,W,15,1,1.6546,-0.3563,0.9899
Lisa Boattin,HOU,22,951,FB,7,1,0.3765,-0.1404,0.4813
Nérilia Mondésir,SEA,21,1009,W,17,1,1.175,-0.4992,2.1018
Hal Hershfelt,WAS,22,2120,DM,17,1,1.4891,-0.6157,1.6036
Devin Lynch,DEN,21,1743,DM,7,0,0.3648,-0.3648,0.8556
Zara Chavoshi,ORL,22,731,CB,2,0,0.0659,-0.0659,0.2184
Cloe Lacasse,UTA,22,2071,W,38,6,4.6426,1.0978,4.5679
Emily Sonnett,NJY,23,1167,CB,3,0,0.145,-0.122,0.1189
Jaelin Howell,NJY,23,2289,DM,20,0,1.031,0.4402,1.5629
Carson Pickett,DEN,21,824,FB,7,0,0.6339,-0.4292,0.6852
Ryan Gareis,CHI,22,1032,W,13,0,0.9864,-0.1874,2.0579
Maiara Niehues,LA,21,1155,W,37,5,4.118,0.7095,0.8406
Oihane Hernández,ORL,22,1620,FB,6,0,0.1688,-0.1688,2.1583
Amelia White,KC,23,663,W,15,2,2.6304,0.3926,0.443
Temwa Chawinga,KC,23,980,W,27,9,8.3653,0.1044,2.1307
Jayden Perry,POR,22,1186,CB,6,1,0.5594,0.3626,0.2372
Andi Sullivan,WAS,22,766,DM,5,0,0.1586,-0.0581,0.2541
Dijana Haracic,SD,22,740,GK,0,0,0,0,0
Taylor Suarez,LA,21,1132,W,23,1,3.0853,-0.5426,1.0266
Lorena Silva,KC,23,1446,GK,0,0,0,0,0
Marisa Jordan,KC,23,920,GK,0,0,0,0,0
Sam Staab,CHI,22,2194,CB,8,1,0.482,0.2514,0.5212
Manaka Hayashi,CHI,22,1600,CM,11,0,0.3534,-0.2858,0.5653
Ashley Sanchez,NC,22,2130,W,77,14,9.0303,-0.1537,2.3666
Ally Lemos,ORL,22,1909,DM,22,0,1.0029,-0.5518,2.1621
Cassandra Bogere,POR,22,1195,DM,5,0,0.2166,-0.028,0.2844
Ellie Bravo-Young,KC,23,760,FB,2,0,0.0725,-0.0725,0.0963
Carina Lageyre,LA,21,1373,DM,16,0,1.1297,-0.816,1.8411
Maitane López,CHI,22,1570,DM,8,0,0.4058,-0.4058,0.456
Kenza Dali,SD,22,1682,DM,20,1,0.9168,0.0729,5.1141
Sofia Huerta,SEA,21,1974,FB,18,0,0.6495,-0.4481,1.1225
Leila,CHI,22,633,FB,3,0,0.067,-0.0497,0.2982
Rose Lavelle,NJY,23,1763,AM,45,4,4.9468,0.6965,3.1419
Macey Hodge,LOU,22,858,DM,3,0,0.2329,-0.2329,0.0134
Esther González,NJY,23,1357,ST,37,4,5.8915,-0.1055,1.0042
Natalia Staude,NC,22,1310,CB,2,0,0.3737,-0.3737,0.8285
Haley Hopkins,KC,23,1531,W,26,5,4.8274,0.1991,3.3589
Madeline Dahlien,SEA,21,1542,W,37,3,4.3311,0.3715,2.9373
Angelina,ORL,22,1495,DM,21,0,0.9058,-0.7859,1.3142
Casey Murphy,BOS,22,2185,GK,0,0,0,0,0.3783
Cece Delzer,UTA,22,1680,W,39,3,5.9492,-2.0945,3.0345
Alba Caño,BOS,22,2028,CM,43,3,2.6199,0.7986,1.8091
Kennedy Fuller,LA,21,1699,W,40,3,3.7937,-1.6103,2.6059
Aleigh Gambone,BOS,22,633,W,5,1,0.9033,-0.2681,0.4842
Michelle Cooper,KC,23,1249,W,27,5,4.5451,-0.6396,1.8899
Kayla Fischer,LOU,22,1806,ST,43,6,5.2295,-0.0634,1.9263
Rocky Rodríguez,KC,23,646,DM,10,0,0.4763,-0.1501,0.5048
Lizbeth Ovalle,ORL,22,1266,W,25,2,2.6612,0.1303,1.933
Nuria Rabano,UTA,22,1550,FB,5,0,0.1814,-0.1814,3.1403
Alexandra Pfeiffer,BAY,21,1023,W,34,2,3.5743,-0.5087,2.4093
Tara Rudd,WAS,22,2255,CB,12,1,1.5191,0.3332,1.1965
Yazmeen Ryan,DEN,21,2019,W,48,5,4.7322,-0.6605,4.4951
Claudia Dickey,SEA,21,1802,GK,0,0,0,0,0
Janni Thomsen,UTA,22,824,FB,11,0,0.3562,-0.2712,0.6923
Amelia Van Zanten,SD,22,1957,FB,17,1,1.7756,-0.3771,1.5404
Rafaelle,ORL,22,1413,CB,7,0,0.2217,0.0209,0.7856
Clarissa Laris­ey,HOU,22,661,ST,11,2,1.1627,0.7431,0.5241
Kaleigh Riehl,UTA,22,1505,CB,6,0,0.3375,-0.3058,0.5705
Rosemonde Kouassi,WAS,22,1184,W,10,0,1.483,-0.8121,4.2874
Megan Reid,DEN,21,648,CB,5,0,0.1847,-0.0676,0.0223
Jordan Silkowitz,BAY,21,2010,GK,0,0,0,0,0.0468
Solai Washington,ORL,22,1019,W,24,0,2.2197,-0.0019,2.1489
Ally Schlegel,NC,22,838,W,18,3,3.9766,-0.6609,1.2891
Shinomi Koyama,NC,22,2226,DM,19,0,1.2961,0.448,2.6244
Dorian Bailey,BAY,21,766,AM,7,2,0.6527,0.0699,0.3675
Prisca Chilufya,LA,21,635,ST,18,4,2.824,-0.6386,1.4895
Elizabeth Ball,KC,23,1548,CB,4,0,0.2878,-0.2878,0
Sarah Puntigam,HOU,22,682,DM,6,0,0.3816,0.3025,0.2724
Ellie Jean,LOU,22,1630,CB,3,0,0.0546,-0.0162,0.3743
Gabrielle Robinson,KC,23,1658,CB,4,0,0.3312,-0.2037,0.0937
Leah Klenke,HOU,22,2187,CB,13,0,0.8226,0.3151,0.6241
Eva Gaetino,DEN,21,1512,CB,5,1,0.962,0.0084,0.2239
Rebeca Bernal,WAS,22,1622,DM,16,3,1.8474,0.7476,0.5259
Perle Morroni,SD,22,2036,FB,10,0,0.6386,-0.4221,1.3393
Anna Moorhouse,ORL,22,2057,GK,0,0,0,0,0
Reyna Reyes,POR,22,1293,FB,4,0,1.0643,-0.162,0.1637
Dani Weatherholt,NC,22,1239,FB,4,1,0.9498,0.1588,0.0632
Ary Borges,LA,21,1889,DM,27,2,2.2056,-0.6035,1.0439
Elaine Rouse,KC,23,1111,FB,1,0,0.0375,-0.0375,0.3702
Julia Grosso,CHI,22,1337,AM,14,2,1.114,1.0274,1.1395
Kimmi Ascanio,SD,22,1639,DM,18,1,1.8048,0.0784,1.8808
